{
    "pages":[{
        "paper_type": "MMSE",
        "paper_id": 50541,
        "center_points":[
            {"id": "1-1", "type":"numberic", "event":"", "x":1760, "y":290, "width":80, "maximum":1, "description":"M1-1"},
            {"id": "1-2", "type":"numberic", "event":"", "x":1760, "y":385, "width":80, "maximum":1, "description":"M1-2"},
            {"id": "1-3", "type":"numberic", "event":"", "x":1760, "y":475, "width":80, "maximum":1, "description":"M1-3"},
            {"id": "1-4", "type":"numberic", "event":"", "x":1760, "y":520, "width":80, "maximum":1, "description":"M1-4"},
            {"id": "1-5", "type":"numberic", "event":"", "x":1760, "y":665, "width":80, "maximum":1, "description":"M1-5"},

            {"id": "2-1", "type":"numberic", "event":"", "x":1760, "y":850, "width":80, "maximum":1, "description":"M2-1"},
            {"id": "2-2", "type":"numberic", "event":"", "x":1760, "y":950, "width":80, "maximum":1, "description":"M2-2"},
            {"id": "2-3", "type":"numberic", "event":"", "x":1760, "y":1040, "width":80, "maximum":1, "description":"M2-3"},
            {"id": "2-4", "type":"numberic", "event":"", "x":1760, "y":1135, "width":80, "maximum":1, "description":"M2-4"},
            {"id": "2-5", "type":"numberic", "event":"", "x":1760, "y":1230, "width":80, "maximum":1, "description":"M2-5"},

            {"id": "3-1", "type":"numberic", "event":"", "x":1760, "y":1480, "width":80, "maximum":1, "description":"M3-1"},
            {"id": "3-2", "type":"numberic", "event":"", "x":1760, "y":1575, "width":80, "maximum":1, "description":"M3-2"},
            {"id": "3-3", "type":"numberic", "event":"", "x":1760, "y":1670, "width":80, "maximum":1, "description":"M3-3"},

            {"id": "4-1", "type":"numberic", "event":"", "x":1760, "y":2160, "width":80, "maximum":1, "description":"M4-1"},
            {"id": "4-2", "type":"numberic", "event":"", "x":1760, "y":2250, "width":80, "maximum":1, "description":"M4-2"},
            {"id": "4-3", "type":"numberic", "event":"", "x":1760, "y":2435, "width":80, "maximum":1, "description":"M4-3"},
            {"id": "4-4", "type":"numberic", "event":"", "x":1760, "y":2440, "width":80, "maximum":1, "description":"M4-4"},
            {"id": "4-5", "type":"numberic", "event":"", "x":1760, "y":2535, "width":80, "maximum":1, "description":"M4-5"},

            {"id": "5-1", "type":"numberic", "event":"", "x":1760, "y":2720, "width":80, "maximum":1, "description":"M5-1"},
            {"id": "5-2", "type":"numberic", "event":"", "x":1760, "y":2815, "width":80, "maximum":1, "description":"M5-2"},
            {"id": "5-3", "type":"numberic", "event":"", "x":1760, "y":2910, "width":80, "maximum":1, "description":"M5-3"}
    ]},
    {
        "paper_type": "MMSE",
        "pager_id": 50542,
        "center_points": [
            {"id": "6-1", "type":"numberic", "event":"", "x":1760, "y":290, "width":80, "maximum":1, "description":"M6-1"},

            {"id": "7-1", "type":"numberic", "event":"", "x":1760, "y":550, "width":80, "maximum":1, "description":"M7-1"},

            {"id": "8-1", "type":"numberic", "event":"", "x":1760, "y":870, "width":80, "maximum":1, "description":"M8-1"},
            {"id": "8-2", "type":"numberic", "event":"", "x":1760, "y":970, "width":80, "maximum":1, "description":"M8-2"},
            {"id": "8-3", "type":"numberic", "event":"", "x":1760, "y":1060, "width":80, "maximum":1, "description":"M8-3"},

            {"id": "9-1", "type":"numberic", "event":"", "x":1760, "y":1100, "width":80, "maximum":1, "description":"M9-1"},

            {"id": "10-1", "type":"numberic", "event":"", "x":1760, "y":1670, "width":80, "maximum":1, "description":"M10-1"},

            {"id": "11-1", "type":"numberic", "event":"", "x":1760, "y":1960, "width":80, "maximum":1, "description":"M11-1"},
            {"id": "11-2", "type":"draw", "event":"", "x":1760, "y":1960, "width":80, "maximum":1, "description":"M11-2 draw pentagon"}



        ]
    }
    ]
}